decision_step,minute,c_uf,v_buf,c_aver,m_fp,price,q_uf,q_fp,q_fp_cmd,energy_cost_step,total_energy_cost,reward,safety_violation,dry_run_violation,low_conc_violation,low_buffer_fp_guarded,fp_busy,fp_total_cycles
1,5,0.6560221910476685,0.0,0.6560221910476685,0.0,0.46000000834465027,0.0,0.0,7.159162521362305,0.0,0.0,-750.0,False,False,True,True,False,0
2,10,0.6582775712013245,0.0,0.6582775712013245,0.0,0.46000000834465027,0.0,0.0,7.30723762512207,0.0,0.0,-750.0,False,False,True,True,False,0
3,15,0.6605003476142883,0.0,0.6605003476142883,0.0,0.46000000834465027,0.0,0.0,7.381126403808594,0.0,0.0,-450.0,False,False,True,True,False,0
4,20,0.662691593170166,0.0,0.662691593170166,0.0,0.46000000834465027,0.0,0.0,7.193681716918945,0.0,0.0,0.0,False,False,False,True,False,0
5,25,0.6648522019386292,0.0,0.6648522019386292,0.0,0.46000000834465027,0.0,0.0,6.9709930419921875,0.0,0.0,0.0,False,False,False,True,False,0
6,30,0.6669833064079285,0.0,0.6669833064079285,0.0,0.46000000834465027,0.0,0.0,6.978416442871094,0.0,0.0,0.0,False,False,False,True,False,0
7,35,0.6690860390663147,0.0,0.6690860390663147,0.0,0.46000000834465027,0.0,0.0,6.8863525390625,0.0,0.0,0.0,False,False,False,True,False,0
8,40,0.6711615324020386,0.0,0.6711615324020386,0.0,0.46000000834465027,0.0,0.0,6.4222869873046875,0.0,0.0,0.0,False,False,False,True,False,0
9,45,0.6732104420661926,0.0,0.6732104420661926,0.0,0.46000000834465027,0.0,0.0,6.537693023681641,0.0,0.0,0.0,False,False,False,True,False,0
10,50,0.6752334833145142,0.0,0.6752334833145142,0.0,0.46000000834465027,0.0,0.0,6.471687316894531,0.0,0.0,0.0,False,False,False,True,False,0
11,55,0.6772310137748718,0.0,0.6772310137748718,0.0,0.46000000834465027,0.0,0.0,6.935792922973633,0.0,0.0,0.0,False,False,False,True,False,0
12,60,0.6792033314704895,0.0,0.6792033314704895,0.0,0.46000000834465027,0.0,0.0,6.643121719360352,0.0,0.0,0.0,False,False,False,True,False,0
13,65,0.6811506152153015,0.0,0.6811506152153015,0.0,0.46000000834465027,0.0,0.0,7.864437103271484,0.0,0.0,0.0,False,False,False,True,False,0
14,70,0.683073103427887,0.0,0.683073103427887,0.0,0.46000000834465027,0.0,0.0,7.706325531005859,0.0,0.0,0.0,False,False,False,True,False,0
15,75,0.684971034526825,0.0,0.684971034526825,0.0,0.46000000834465027,0.0,0.0,7.300514221191406,0.0,0.0,0.0,False,False,False,True,False,0
16,80,0.6868449449539185,0.0,0.6868449449539185,0.0,0.46000000834465027,0.0,0.0,7.143903732299805,0.0,0.0,0.0,False,False,False,True,False,0
17,85,0.6886951327323914,0.0,0.6886951327323914,0.0,0.46000000834465027,0.0,0.0,8.099288940429688,0.0,0.0,0.0,False,False,False,True,False,0
18,90,0.6905220150947571,0.0,0.6905220150947571,0.0,0.46000000834465027,0.0,0.0,7.498773574829102,0.0,0.0,0.0,False,False,False,True,False,0
19,95,0.692326009273529,0.0,0.692326009273529,0.0,0.46000000834465027,0.0,0.0,8.028430938720703,0.0,0.0,0.0,False,False,False,True,False,0
20,100,0.6941076517105103,0.0,0.6941076517105103,0.0,0.46000000834465027,0.0,0.0,8.111190795898438,0.0,0.0,0.0,False,False,False,True,False,0
21,105,0.6958675384521484,0.0,0.6958675384521484,0.0,0.46000000834465027,0.0,0.0,8.422319412231445,0.0,0.0,0.0,False,False,False,True,False,0
22,110,0.697606086730957,0.0,0.697606086730957,0.0,0.46000000834465027,0.0,0.0,7.905851364135742,0.0,0.0,0.0,False,False,False,True,False,0
23,115,0.6992262601852417,0.040926121175289154,0.6985782980918884,0.0,0.46000000834465027,0.49111345410346985,0.0,8.257282257080078,1.1500010897661725,1.1500010897661725,-1.0350009807895553,False,False,False,True,False,0
24,120,0.700843870639801,0.08242593705654144,0.6993946433067322,0.0,0.46000000834465027,0.49799782037734985,0.0,8.968935012817383,1.1500011362402072,2.3000022260063795,-1.0350010226161865,False,False,False,True,False,0
25,125,0.7024937272071838,0.1070329025387764,0.699957549571991,0.0,0.46000000834465027,0.29528355598449707,0.0,8.704244613647461,1.1500002368675752,3.450002462873954,-1.0350002131808178,False,False,False,True,False,0
26,130,0.7041125893592834,0.137174591422081,0.7007321119308472,0.0,0.46000000834465027,0.3617003560066223,0.0,8.61526107788086,1.1500004353460778,4.600002898220031,-1.03500039181147,False,False,False,True,False,0
27,135,0.7056484222412109,0.19704769551753998,0.7020458579063416,0.0,0.46000000834465027,0.718477189540863,0.0,8.8282470703125,1.1500034121395215,5.7500063103595505,-1.0350030709255693,False,False,False,True,False,0
28,140,0.7070459723472595,0.31740760803222656,0.7037369012832642,0.0,0.46000000834465027,1.4443190097808838,0.0,9.082530975341797,1.1500277189777233,6.900034029337275,-1.035024947079951,False,False,False,True,False,0
29,145,0.708371639251709,0.4792182147502899,0.7051281929016113,0.0,0.46000000834465027,1.9417271614074707,0.0,9.202217102050781,1.1500673523020868,8.050101381639363,-1.0350606170718781,False,False,False,True,False,0
30,150,0.709701418876648,0.6508599519729614,0.7061988711357117,0.0,0.46000000834465027,2.0597007274627686,0.0,9.254066467285156,1.150080389660487,9.20018177129985,-1.0350723506944384,False,False,False,True,False,0
31,155,0.7110194563865662,0.8354105353355408,0.7071523666381836,0.0,0.46000000834465027,2.2146074771881104,0.0,9.557018280029297,1.1500999259102442,10.350281697210091,-1.0350899333192198,False,False,False,True,False,0
32,160,0.7122604846954346,0.7522658109664917,0.7083983421325684,0.4782547354698181,0.46000000834465027,2.7187843322753906,3.716521453857422,9.291303634643555,1.1534120080257175,11.503693705235806,-0.5598160717901353,False,False,False,True,False,0
33,165,0.7136879563331604,0.7615869641304016,0.7092565298080444,0.6909565329551697,0.46000000834465027,1.7586888074874878,1.6468345642089843,8.234172821044922,1.1511731352133319,12.654866840449138,-0.8233540537110314,False,False,False,True,False,0
34,170,0.7149580121040344,0.8284171223640442,0.7105458974838257,0.9152358770370483,0.46000000834465027,2.534186840057373,1.7322254180908203,8.661127090454102,1.151456736116775,13.806323576565914,-0.8120316904071434,False,False,False,True,False,0
35,175,0.7161763906478882,0.7665860652923584,0.7119939923286438,1.3858057260513306,0.46000000834465027,2.8759896755218506,3.617961883544922,9.044904708862305,1.1531959758398906,14.959519552405807,-0.5673064694127931,False,False,False,True,False,0
36,180,0.7174445986747742,0.8281533718109131,0.7132695913314819,1.6341676712036133,0.46000000834465027,2.640921115875244,1.9021137237548829,9.510568618774414,1.151899966118577,16.111419518524382,-0.7883481111367932,False,False,False,True,False,0
37,185,0.7185277938842773,0.8243826627731323,0.7149037718772888,2.1288537979125977,0.46000000834465027,3.7254302501678467,3.7706787109375,9.42669677734375,1.1538459438040747,17.265265462328458,-0.5437751857039079,False,False,False,True,False,0
38,190,0.7194648385047913,0.7320939302444458,0.7167009711265564,2.908623695373535,0.46000000834465027,4.801944732666016,5.909409713745117,9.849016189575195,1.1567844199130846,18.422049882241545,-0.26133616800692905,False,False,False,True,False,0
39,195,0.7202802300453186,0.8711238503456116,0.7182631492614746,3.4680867195129395,0.46000000834465027,5.885588645935059,4.2172294616699215,10.543073654174805,1.1565907289817337,19.578640611223282,-0.4814684954020447,False,False,False,True,False,0
40,200,0.7209849953651428,0.7437858581542969,0.7196308374404907,4.606804847717285,0.46000000834465027,7.016829490661621,8.54488525390625,10.681106567382812,1.1629837786508463,20.741624389874122,0.09203253088055408,False,False,False,True,False,0
41,205,0.7216856479644775,0.8262168765068054,0.7206510305404663,5.483532905578613,0.46000000834465027,7.541896343231201,6.552724456787109,10.921207427978516,1.1618078462831942,21.90343223615731,-0.16889907202075904,False,False,False,True,False,0
42,210,0.7224860191345215,0.9122178554534912,0.7214947938919067,6.321742057800293,0.46000000834465027,7.281116485595703,6.249104690551758,10.41517448425293,1.1603695506170124,23.06380178677432,-0.2061232990798847,False,False,False,True,False,0
43,215,0.7234185934066772,0.8145263195037842,0.722316563129425,7.360844135284424,0.46000000834465027,6.554481029510498,7.726779174804688,9.65847396850586,1.1598406559820964,24.223642442756415,-0.00475439966079283,False,False,False,True,False,0
44,220,0.7241332530975342,0.7742352485656738,0.7232422828674316,8.498685836791992,0.46000000834465027,7.952253818511963,8.435746765136718,10.544683456420898,1.1640609921262253,25.387703434882642,0.09018642137230293,False,False,False,True,False,0
45,225,0.7249091863632202,0.7663223743438721,0.724053144454956,9.559900283813477,0.46000000834465027,7.75092887878418,7.845883178710937,9.807353973388672,1.1618744985092524,26.549577933391898,0.01552757627576451,False,False,False,True,False,0
46,230,0.7256930470466614,0.8678005933761597,0.7248188257217407,10.444998741149902,0.46000000834465027,7.745849132537842,6.528110504150391,10.880184173583984,1.1620485126880364,27.711626446079933,-0.1607450072069616,False,False,False,True,False,0
47,235,0.7262790203094482,0.9150460362434387,0.7256047129631042,11.6076078414917,0.46000000834465027,9.123077392578125,8.556132507324218,10.695165634155273,1.1668298655112503,28.878456311591183,0.11246235064270005,False,False,False,True,False,0
48,240,0.7268843650817871,0.9343768954277039,0.7262900471687317,12.835347175598145,0.46000000834465027,9.247801780700684,9.015830993652344,11.26978874206543,1.1687937866712927,30.04725009826247,0.1758248331401726,False,False,False,True,False,0
49,245,0.72752845287323,0.9235603213310242,0.7269372940063477,14.096589088439941,0.46000000834465027,9.112937927246094,9.24273681640625,11.553421020507812,1.1693717506923325,31.21662184895481,0.20880745985132343,False,False,False,True,False,0
50,250,0.7283264398574829,0.9048548936843872,0.727553129196167,15.22381591796875,0.46000000834465027,8.018492698669434,8.242958068847656,8.242958068847656,1.1603765885131732,32.37699843746798,0.08288746756501442,False,False,False,False,False,0
51,255,0.7290160655975342,0.8951379060745239,0.7282856702804565,16.407127380371094,0.46000000834465027,8.519214630126953,8.635818481445312,10.79477310180664,1.165810100484068,33.54280853795206,0.1340833377050199,False,False,False,True,False,0
52,260,0.7295914888381958,0.8027471303939819,0.7290036082267761,17.827590942382812,0.46000000834465027,9.233359336853027,10.342048645019531,10.342048645019531,1.1683682867559755,34.71117682470805,0.3689313906051035,False,False,False,False,False,0
53,265,0.7302484512329102,0.7684536576271057,0.7296502590179443,19.078943252563477,0.46000000834465027,8.679193496704102,9.090715026855468,11.363393783569336,1.1678218540580922,35.878998678766145,0.20031234156581945,False,False,False,True,False,0
54,270,0.7309196591377258,0.7972726821899414,0.7302805185317993,20.19317054748535,0.46000000834465027,8.42371940612793,8.077891540527343,10.09736442565918,1.1637831800970573,37.0427818588632,0.06682323091779763,False,False,False,True,True,1
55,275,0.7316157817840576,1.467533826828003,0.730765163898468,20.19317054748535,0.46000000834465027,8.043133735656738,0.0,9.460721969604492,1.1547870029716032,38.1975688618348,-1.039308302674443,False,False,False,False,True,1
56,280,0.7320087552070618,2.3002495765686035,0.731157660484314,20.19317054748535,0.46000000834465027,9.992589950561523,0.0,11.463058471679688,1.1591795634146445,39.356748425249464,-1.04326160707318,False,False,False,False,False,1
57,285,0.7323542833328247,2.342275381088257,0.7315049767494202,21.587045669555664,0.46000000834465027,10.567397117614746,10.063089370727539,10.063089370727539,1.1711064362081367,40.527854861457584,0.33987929097504765,False,False,False,False,False,1
58,290,0.7325878739356995,2.2730281352996826,0.7318587899208069,23.312849044799805,0.46000000834465027,11.614829063415527,12.445795059204102,12.445795059204102,1.1838060609088272,41.71166092236643,0.6603771242697292,False,False,False,False,False,1
59,295,0.7326790690422058,2.4190618991851807,0.7321574687957764,24.87583351135254,0.46000000834465027,13.012191772460938,11.259786605834961,11.259786605834961,1.1846280316596793,42.89628895402611,0.4968194499905547,False,False,False,False,False,1
60,300,0.732817530632019,2.452031135559082,0.7323848605155945,26.643779754638672,0.46000000834465027,13.121501922607422,12.725872039794922,12.725872039794922,1.191513889855602,44.08780284388172,0.6955840440194947,False,False,False,False,False,1
61,305,0.7331435680389404,2.7750537395477295,0.7325911521911621,27.76163101196289,0.46000000834465027,11.917339324951172,8.041067123413086,8.041067123413086,1.1708009019194325,45.25860374580116,0.06413097120117128,False,False,False,False,False,1
62,310,0.7333785891532898,2.8054909706115723,0.7328152060508728,29.437793731689453,0.46000000834465027,12.41436767578125,12.04911994934082,12.04911994934082,1.185197053033166,46.44380079883433,0.609484567935817,False,False,False,False,False,1
63,315,0.7335728406906128,3.1552650928497314,0.7330235838890076,30.615074157714844,0.46000000834465027,12.654389381408691,8.457099914550781,8.457099914550781,1.174726813671053,47.618527612505375,0.12002557627072186,False,False,False,False,False,1
64,320,0.733691930770874,3.1097164154052734,0.7332139015197754,32.52579116821289,0.46000000834465027,13.17068099975586,13.717266082763672,13.717266082763672,1.1969803961886925,48.81550800869405,0.8334359055462968,False,False,False,False,False,1
65,325,0.7337989807128906,3.2670581340789795,0.7333779335021973,34.11226272583008,0.46000000834465027,13.271183013916016,11.38308334350586,11.38308334350586,1.186339462320758,50.00184747101482,0.5187669641431372,False,False,False,False,False,1
66,330,0.7339958548545837,3.349790096282959,0.7335298657417297,35.72105026245117,0.46000000834465027,12.530364990234375,11.537580490112305,11.537580490112305,1.1835479087390453,51.18539537975387,0.5435928816178561,False,False,False,False,False,1
67,335,0.7341609597206116,3.524397373199463,0.7336826920509338,37.1732292175293,0.46000000834465027,12.504766464233398,10.409479141235352,10.409479141235352,1.1793345084241862,52.364729888178054,0.3907769378275472,False,False,False,False,False,1
68,340,0.7342180609703064,3.695678949356079,0.7338199615478516,38.71416473388672,0.46000000834465027,13.095980644226074,11.04060173034668,11.04060173034668,1.1841998064636996,53.54892969464174,0.4751559092772486,False,False,False,False,False,1
69,345,0.7342059016227722,3.893714427947998,0.7339226603507996,40.27485656738281,0.46000000834465027,13.554254531860352,11.17782974243164,11.17782974243164,1.1869569023703903,54.73588659701214,0.492430008453723,False,False,False,False,True,2
70,350,0.7343220710754395,4.941073894500732,0.7339982390403748,40.27485656738281,0.46000000834465027,12.568312644958496,0.0,7.539491653442383,1.1682649611972664,55.90415155820942,-1.05143846507754,False,False,False,False,True,2
71,355,0.7342120409011841,6.1074042320251465,0.7340471744537354,40.27485656738281,0.46000000834465027,13.995964050292969,0.0,12.820466995239258,1.1752229734198874,57.079374531629306,-1.0577006760778986,False,False,False,False,False,2
72,360,0.7340494990348816,6.656054496765137,0.7340583205223083,41.380062103271484,0.46000000834465027,14.494734764099121,7.910928726196289,7.910928726196289,1.182996555735538,58.262371087364855,0.04051040816442919,False,False,False,False,False,2
73,365,0.7337303161621094,6.788893222808838,0.7340204119682312,43.365936279296875,0.46000000834465027,15.808979034423828,14.214914321899414,14.214914321899414,1.2152402483776885,59.47761133574254,0.8921558956220839,False,False,False,False,False,2
74,370,0.733354926109314,7.337311744689941,0.73392653465271,44.76059341430664,0.46000000834465027,16.56591796875,9.984895706176758,9.984895706176758,1.2018376463861387,60.67944898212868,0.31300607284554194,False,False,False,False,False,2
75,375,0.7330942153930664,7.977955341339111,0.7338091135025024,45.91807556152344,0.46000000834465027,15.977300643920898,8.289579391479492,8.289579391479492,1.1932526185484946,61.87270160067719,0.08355473689294213,False,False,False,False,False,2
76,380,0.7329138517379761,8.558384895324707,0.7336907386779785,47.08400344848633,0.46000000834465027,15.318316459655762,8.353157043457031,8.353157043457031,1.1889314104477264,63.06163301112491,0.09589005718223453,False,False,False,False,False,2
77,385,0.7325924038887024,9.184118270874023,0.7335529327392578,48.2911491394043,0.46000000834465027,16.160606384277344,8.651813507080078,8.651813507080078,1.1953433894344194,64.25697640055932,0.13133660747197662,False,False,False,False,False,2
78,390,0.732100248336792,9.871783256530762,0.7333729267120361,49.57637405395508,0.46000000834465027,17.467784881591797,9.215801239013672,9.215801239013672,1.2069071630257864,65.46388356358509,0.19900611966997261,False,False,False,False,False,2
79,395,0.7314886450767517,10.590360641479492,0.7331393957138062,50.97218322753906,0.46000000834465027,18.637950897216797,10.015024185180664,10.015024185180664,1.2196675016244414,66.68355106520951,0.2981076452799938,False,False,False,False,False,2
80,400,0.730758011341095,11.258708953857422,0.732841432094574,52.6303825378418,0.46000000834465027,19.927467346191406,11.907281875610352,11.907281875610352,1.2397831250745546,67.92333419028405,0.542394974240842,False,False,False,False,False,2
81,405,0.7300284504890442,12.08404541015625,0.7324976325035095,54.08719253540039,0.46000000834465027,20.375505447387695,10.471475601196289,10.471475601196289,1.2393730146516382,69.16270720493567,0.34137549598536454,False,False,False,False,False,2
82,410,0.7294256091117859,12.973257064819336,0.7321497797966003,55.336700439453125,0.46000000834465027,19.661623001098633,8.991083145141602,8.991083145141602,1.2272378995066568,70.38994510444236,0.14499249934963543,False,False,False,False,False,2
83,415,0.7288253903388977,13.507648468017578,0.7317915558815002,57.158164978027344,0.46000000834465027,19.533761978149414,13.121061325073242,13.121061325073242,1.2412930241425713,71.63123812858495,0.7043017625829542,False,False,False,False,False,2
84,420,0.7281607985496521,14.338240623474121,0.7314139008522034,58.52973937988281,0.75,19.858619689941406,9.891510009765625,9.891510009765625,1.231784649022249,72.8630227776072,0.2629703426605694,False,False,False,False,False,2
85,425,0.7275241017341614,15.054400444030762,0.7310324311256409,60.04570007324219,0.75,19.539587020874023,10.945669174194336,10.945669174194336,2.0084076724825053,74.87143045008972,-0.29160690129389777,False,False,False,False,True,3
86,430,0.7268306016921997,16.700632095336914,0.7306481003761292,60.04570007324219,0.75,19.754770278930664,0.0,14.714559555053711,1.9906397676622758,76.86207021775198,-1.7915757908960483,False,False,False,False,True,3
87,435,0.7259734272956848,18.438573837280273,0.7302423715591431,60.04570007324219,0.75,20.855316162109375,0.0,12.262777328491211,2.0110634858813974,78.87313370363339,-1.8099571372932577,False,False,False,False,False,3
88,440,0.7250092029571533,18.933429718017578,0.7297929525375366,62.233280181884766,0.75,21.792049407958984,15.853788375854492,15.853788375854492,2.0955808014980626,80.96871450513143,0.3015563960687242,False,False,False,False,False,3
89,445,0.7241573333740234,19.524240493774414,0.7293296456336975,64.17302703857422,0.75,21.16734504699707,14.077625274658203,14.077625274658203,2.063015184326246,83.03172968945768,0.08303116678838829,False,False,False,False,False,3
90,450,0.7233697772026062,19.44658660888672,0.7288540005683899,67.13233947753906,0.75,20.576509475708008,21.508346557617188,21.508346557617188,2.16885261681319,85.20058230627087,1.0073501807710692,False,False,False,False,False,3
91,455,0.722667932510376,19.701152801513672,0.7283809781074524,69.4145736694336,0.75,19.6666202545166,16.61182403564453,16.61182403564453,2.064274837300353,87.26485714357126,0.4243860980724494,False,False,False,False,False,3
92,460,0.7221534252166748,19.07759666442871,0.7279358506202698,72.89232635498047,0.75,17.867284774780273,25.34996795654297,25.34996795654297,2.227712609997132,89.4925697535684,1.472807383958171,False,False,False,False,False,3
93,465,0.7216895222663879,18.9096622467041,0.7275064587593079,75.4693374633789,0.75,16.794811248779297,18.81001091003418,18.81001091003418,2.0552015141349944,91.54777126770342,0.7273324286060499,False,False,False,False,False,3
94,470,0.7213180661201477,18.451473236083984,0.7271044850349426,78.33808135986328,0.75,15.468327522277832,20.966609954833984,20.966609954833984,2.081668111671118,93.62943937937453,0.995244612985186,False,False,False,False,False,3
95,475,0.7209723591804504,18.332763671875,0.7267199754714966,80.52587127685547,0.75,14.582959175109863,16.007475280761717,20.00934410095215,2.0266222169681924,95.65606159634274,0.3638290712146457,False,False,False,False,True,4
96,480,0.7206600904464722,19.477970123291016,0.7263748645782471,80.52587127685547,0.75,13.7424955368042,0.0,17.50677490234375,1.9139303288990017,97.56999192524172,-1.7225372960091017,False,False,False,False,True,4
97,485,0.7201483249664307,20.328638076782227,0.7260250449180603,81.11321258544922,0.75,14.517372131347656,4.3093727111816404,21.546863555908203,1.9537042632082042,99.5236961884499,-1.1709909849564566,False,False,False,False,False,4
98,490,0.7194807529449463,20.234291076660156,0.7256409525871277,83.36580657958984,0.75,15.406638145446777,16.538799285888672,16.538799285888672,2.004043974144952,101.52774016259485,0.44895145958382865,False,False,False,False,False,4
99,495,0.7188281416893005,19.58431053161621,0.7252307534217834,86.5282211303711,0.75,15.4474458694458,23.247196197509766,23.247196197509766,2.1363264689774697,103.66406663157235,1.2397187758519261,False,False,False,False,False,4
100,500,0.718305766582489,19.210853576660156,0.7248207926750183,89.13407897949219,0.75,14.698896408081055,19.180389404296875,19.180389404296875,2.038355047268923,105.70242167884125,0.7713429134491554,False,False,False,False,False,4
101,505,0.7179358601570129,18.328157424926758,0.724425733089447,92.41889953613281,0.75,13.615768432617188,24.20812225341797,24.20812225341797,2.145517876089884,107.84793955493114,1.3538523808512415,False,False,False,False,False,4
102,510,0.717583179473877,17.706859588623047,0.724028468132019,95.22271728515625,1.0399999618530273,13.233119010925293,20.688701629638672,20.688701629638672,2.0549804144667094,109.90291996939789,0.954334879898695,False,False,False,False,False,4
103,515,0.7172137498855591,16.866119384765625,0.7236196398735046,98.36416625976562,1.0399999618530273,13.120018005371094,23.208887100219727,23.208887100219727,2.9312661915852054,112.8341861609831,0.503312112207563,False,False,False,False,False,4
104,520,0.7168356776237488,16.932048797607422,0.7232034206390381,100.02104949951172,1.0399999618530273,13.04464054107666,12.253488922119141,20.422481536865234,2.7623890158316398,115.59657517681472,-0.8292688114370765,False,False,False,False,True,5
105,525,0.7163364887237549,18.077470779418945,0.7227852940559387,100.02104949951172,1.0399999618530273,13.745058059692383,0.0,24.44845199584961,2.6540135934114506,118.2505887702262,-2.3886122340703055,False,False,False,False,True,5
106,530,0.7156434655189514,18.712940216064453,0.7223377227783203,101.03279876708984,1.0399999618530273,15.132750511169434,7.507109069824219,18.767772674560547,2.732211395404103,120.9828001656303,-1.4472401293461807,False,False,False,False,False,5
107,535,0.7148672342300415,18.301002502441406,0.7218363285064697,103.86930847167969,1.0399999618530273,16.1251277923584,21.06838607788086,21.06838607788086,2.899875465367359,123.88267563099765,0.2266156958394414,False,False,False,False,False,5
108,540,0.714037299156189,17.804840087890625,0.7212716937065125,106.95761108398438,1.0399999618530273,17.02215003967285,22.976097106933594,22.976097106933594,2.978412590245079,126.86108822124274,0.4077346010191061,False,False,False,False,False,5
109,545,0.7132530212402344,17.376453399658203,0.7206653952598572,109.96852111816406,1.0399999618530273,17.300058364868164,22.44070816040039,22.44070816040039,2.964684012767857,129.82577223401057,0.3426959165151042,False,False,False,False,False,5
110,550,0.7126232385635376,16.94761085510254,0.7200586795806885,112.89630889892578,1.0399999618530273,16.71614646911621,21.862258911132812,21.862258911132812,2.934777912510951,132.7605501465215,0.28648788228750677,False,False,False,False,False,5
111,555,0.7121284008026123,16.28902244567871,0.7194639444351196,116.0861587524414,1.0399999618530273,15.960479736328125,23.863536834716797,23.863536834716797,2.993600087190347,135.75415023371184,0.4956075317569004,False,False,False,False,False,5
112,560,0.7116472125053406,15.631355285644531,0.718860387802124,119.24504089355469,1.0399999618530273,15.783710479736328,23.67571258544922,23.67571258544922,2.9835815465186903,138.7377317802305,0.47366183085256974,False,False,False,False,False,5
113,565,0.7111032605171204,16.139896392822266,0.7182437181472778,120.57870483398438,1.0399999618530273,16.111438751220703,10.008940124511719,25.022350311279297,2.8294992088305904,141.56723098906107,-1.2128862163545229,False,False,False,False,True,6
114,570,0.7105454802513123,17.493408203125,0.7176719903945923,120.57870483398438,1.0399999618530273,16.242130279541016,0.0,20.103605270385742,2.689123514470555,144.25635450353164,-2.4202111630234997,False,False,False,False,True,6
115,575,0.7099950313568115,17.845781326293945,0.7171306610107422,122.17427825927734,1.0399999618530273,16.25688934326172,12.028395080566407,20.047325134277344,2.7992979090489074,147.05565241258057,-0.9237937436923729,False,False,False,False,False,6
116,580,0.7093834280967712,17.370445251464844,0.7165608406066895,125.14186096191406,1.0399999618530273,16.698043823242188,22.402080535888672,22.402080535888672,2.9525028167016543,150.0081552292822,0.3103266300464611,False,False,False,False,False,6
117,585,0.7087172269821167,16.670204162597656,0.7159479260444641,128.52651977539062,1.0399999618530273,17.194059371948242,25.596967697143555,25.596967697143555,3.087117228751926,153.0952724580341,0.6062554868012029,False,False,False,False,False,6
118,590,0.7081504464149475,16.27150535583496,0.7153324484825134,131.37086486816406,1.0399999618530273,16.767303466796875,21.55168914794922,21.55168914794922,2.925689045673287,156.0209615037074,0.21122011690451759,False,False,False,False,False,6
119,595,0.7077429294586182,15.675695419311523,0.7147457003593445,134.39044189453125,1.0399999618530273,15.772587776184082,22.92230224609375,22.92230224609375,2.9555047912302856,158.97646629493764,0.35963021977011334,False,False,False,False,False,6
120,600,0.7073974609375,15.128974914550781,0.7141776084899902,137.24752807617188,1.0399999618530273,15.16700267791748,21.727642059326172,21.727642059326172,2.9058298482616944,161.88229614319937,0.2418392653263104,False,False,False,False,False,6
121,605,0.7070928812026978,14.633413314819336,0.7136287093162537,139.95223999023438,1.0399999618530273,14.657739639282227,20.60447883605957,20.60447883605957,2.8644266518068644,164.74672279500624,0.1267202782625545,False,False,False,False,False,6
122,610,0.7069414854049683,15.48837661743164,0.7131545543670654,140.37083435058594,1.0399999618530273,13.451705932617188,3.192147445678711,15.960737228393555,2.6691207744259415,167.41584356943224,-1.9836087235332336,False,False,False,False,True,7
123,615,0.7067487835884094,16.596296310424805,0.7127365469932556,140.37083435058594,1.0399999618530273,13.295032501220703,0.0,21.277732849121094,2.648880039142987,170.06472360857518,-2.3839920352286885,False,False,False,False,True,7
124,620,0.7063661813735962,16.33201789855957,0.7123094797134399,142.63975524902344,1.0399999618530273,14.190020561218262,17.361355590820313,21.70169448852539,2.8453703055335633,172.91009391410876,-0.2919192720336481,False,False,False,False,False,7
125,625,0.7058522701263428,15.536108016967773,0.7118337750434875,145.8521728515625,1.0399999618530273,15.060674667358398,24.611595153808594,24.611595153808594,3.0100709910320527,175.92016490514078,0.5033656641900013,False,False,False,False,False,7
126,630,0.7052581310272217,14.861165046691895,0.7113046050071716,148.9693603515625,1.159999966621399,15.81922435760498,23.91854476928711,23.91854476928711,2.993516553710223,178.91368145885104,0.4230168457394914,False,False,False,False,False,7
127,635,0.7048876881599426,14.59898567199707,0.71080082654953,151.3042755126953,1.159999966621399,14.798833847045898,17.94498062133789,17.94498062133789,3.121764843718289,182.03544630256937,-0.47467363972057486,False,False,False,False,False,7
128,640,0.7047857642173767,14.413956642150879,0.7103672027587891,153.29994201660156,1.159999966621399,13.139934539794922,15.360282897949219,15.360282897949219,3.0445568478536207,185.08000315042304,-0.7444365090982767,False,False,False,False,False,7
129,645,0.7048236727714539,14.065155982971191,0.7099926471710205,155.39137268066406,1.159999966621399,11.932147979736328,16.11776351928711,16.11776351928711,3.0456170547454335,188.12562020516845,-0.6496250517817361,False,False,False,False,False,7
130,650,0.7048691511154175,13.507204055786133,0.7096489071846008,157.74057006835938,1.159999966621399,11.42911148071289,18.124528884887695,18.124528884887695,3.0856526305105128,191.21127283567895,-0.42788505638113206,False,False,False,False,False,7
131,655,0.7048821449279785,12.942667007446289,0.709321141242981,160.07554626464844,1.159999966621399,11.259068489074707,18.03351402282715,18.03351402282715,3.08186592509843,194.29313876077737,-0.43870490590026767,False,False,False,False,True,8
132,660,0.7049286365509033,13.84510612487793,0.7090358734130859,160.07554626464844,1.159999966621399,10.829273223876953,0.0,16.517566680908203,2.929463607359601,197.2226023681369,-2.636517246623641,False,False,False,False,True,8
133,665,0.704720139503479,14.853656768798828,0.7087501883506775,160.07554626464844,1.159999966621399,12.102602005004883,0.0,21.91755485534668,2.9411267356870665,200.16372910382395,-2.6470140621183598,False,False,False,False,False,8
134,670,0.7042884826660156,14.360871315002441,0.7084276676177979,162.5953826904297,1.159999966621399,13.601583480834961,19.51500701904297,19.51500701904297,3.1468876094637928,203.31061671328777,-0.31236582614957964,False,False,False,False,False,8
135,675,0.7036950588226318,13.639363288879395,0.7080379128456116,165.65512084960938,1.159999966621399,15.063702583312988,23.721799850463867,23.721799850463867,3.3178870825729403,206.6285037958607,0.07364130025746274,False,False,False,False,False,8
136,680,0.7031766772270203,13.269455909729004,0.707614004611969,168.19764709472656,1.159999966621399,15.29761791229248,19.736499786376953,19.736499786376953,3.1780541967350437,209.80655799259574,-0.31772771714758763,False,False,False,False,False,8
137,685,0.7029842138290405,13.061767578125,0.707231879234314,170.29452514648438,1.159999966621399,13.80546760559082,16.2977294921875,16.2977294921875,3.0708448087629043,212.87740280135858,-0.6668842366574652,False,False,False,False,False,8
138,690,0.703025758266449,12.829200744628906,0.7069087028503418,172.2402801513672,0.75,12.349143981933594,15.13995361328125,15.13995361328125,3.0317151872077384,215.90911798856632,-0.7827868172165902,False,False,False,False,False,8
139,695,0.7032697796821594,12.544801712036133,0.7066524028778076,174.06683349609375,0.75,10.812687873840332,14.225475311279297,14.225475311279297,1.9411717853200892,217.85028977388643,0.0795017005783365,False,False,False,False,False,8
140,700,0.7036458253860474,12.354201316833496,0.7064575552940369,175.58290100097656,0.75,9.528613090515137,11.81580924987793,11.81580924987793,1.9150303913106006,219.76532016519707,-0.20745828861485482,False,False,False,False,False,8
141,705,0.7040703892707825,11.859529495239258,0.7063089609146118,177.45826721191406,0.75,8.687987327575684,14.624055862426758,14.624055862426758,1.936126593557651,221.7014467587547,0.132859172788111,False,False,False,False,False,8
142,710,0.7045747637748718,11.251041412353516,0.706203818321228,179.38587951660156,0.75,7.7356367111206055,15.037494659423828,15.037494659423828,1.9377076377892657,223.639154396544,0.18367480637194533,False,False,False,False,False,8
143,715,0.7049753069877625,11.358148574829102,0.7061249017715454,180.2250213623047,0.75,7.832943439483643,6.547650146484375,16.369125366210938,1.9109805075938453,225.55013490413788,-0.880739593358334,False,False,False,False,True,9
144,720,0.7053012847900391,12.023736953735352,0.7060722708702087,180.2250213623047,0.75,7.987059116363525,0.0,11.720853805541992,1.8826427905105487,227.43277769464842,-1.6943785114594938,False,False,False,False,True,9
145,725,0.7054848074913025,11.952336311340332,0.7060338854789734,181.44566345214844,0.75,8.671915054321289,9.528730773925782,15.881217956542969,1.924194430813433,229.35697212546188,-0.5111314094750219,False,False,False,False,False,9
146,730,0.7056652307510376,11.280157089233398,0.706006646156311,183.60462951660156,0.75,8.788703918457031,16.85485076904297,16.85485076904297,1.9637068974428558,231.32067902290473,0.3916210367449433,False,False,False,False,False,9
147,735,0.7057130932807922,10.4336519241333,0.7059836983680725,186.1417694091797,0.75,9.650779724121094,19.80884552001953,19.80884552001953,2.0159521380158294,233.33663116092055,0.7227860390074508,False,False,False,False,False,9
148,740,0.7057676911354065,10.090681076049805,0.7059648633003235,187.9367218017578,0.75,9.899473190307617,14.01512336730957,14.01512336730957,1.9346981517171833,235.2713293126378,0.05372826731673874,False,False,False,False,False,9
149,745,0.7060741782188416,9.934526443481445,0.705964207649231,189.2916259765625,0.75,8.7057523727417,10.579599380493164,10.579599380493164,1.9043165627589045,237.1756458753967,-0.35897948184004935,False,False,False,False,False,9
150,750,0.70648592710495,9.35677719116211,0.7059889435768127,191.20635986328125,0.75,8.017539024353027,14.950532913208008,14.950532913208008,1.9375328779333687,239.11317875333012,0.17095463483730544,False,False,False,False,False,9
151,755,0.7067445516586304,8.517240524291992,0.7060409784317017,193.61317443847656,0.75,8.716233253479004,18.790674209594727,18.790674209594727,1.993739603571945,241.10691835690204,0.6124489154754784,False,False,False,False,False,9
152,760,0.7071022987365723,8.275633811950684,0.7061140537261963,195.03582763671875,0.75,8.205683708190918,11.104965209960938,11.104965209960938,1.905746191795098,243.0126645486972,-0.2925214589811842,False,False,False,False,False,9
153,765,0.7075573205947876,7.730245113372803,0.7062121033668518,196.84666442871094,0.75,7.586766242980957,14.131431579589844,14.131431579589844,1.9278296139455766,244.94049416264275,0.07578149374565246,False,False,False,False,False,9
154,770,0.7078590989112854,6.806054592132568,0.7063547372817993,199.33352661132812,0.75,8.3098783493042,19.400163650512695,19.400163650512695,2.003348935291216,246.94384309793392,0.6838483958677726,False,False,False,False,False,9
155,775,0.7080303430557251,7.051590919494629,0.7065269947052002,200.12745666503906,0.75,9.137887001037598,6.191448211669922,15.478620529174805,1.9107721473445372,248.85461524527844,-0.9257683914935355,False,False,False,False,True,10
156,780,0.7082428932189941,7.813061714172363,0.7066860795021057,200.12745666503906,0.75,9.13764762878418,0.0,12.649862289428711,1.8864444382090262,250.7410596834875,-1.6977999943881237,False,False,False,False,True,10
157,785,0.7082850933074951,7.862563133239746,0.7068483829498291,201.373291015625,0.75,10.297375679016113,9.703360748291015,16.17226791381836,1.9329974560433492,252.67405713953085,-0.4938587303500239,False,False,False,False,False,10
158,790,0.7080841660499573,7.3764190673828125,0.7070134282112122,203.6802520751953,0.75,12.126916885375977,17.96064567565918,17.96064567565918,1.9967666031905464,254.6708237427214,0.509870726660085,False,False,False,False,False,10
159,795,0.7080575227737427,7.342099666595459,0.7071461081504822,205.243408203125,0.75,11.752335548400879,12.164167404174805,12.164167404174805,1.9288652569515583,256.59968899967294,-0.1728217977910378,False,False,False,False,False,10
160,800,0.7083954811096191,7.327399730682373,0.7072664499282837,206.53428649902344,0.75,9.865159034729004,10.041559219360352,10.041559219360352,1.9060060927325726,258.5056950924054,-0.42452004377842334,False,False,False,False,False,10
161,805,0.7089890837669373,6.9714884757995605,0.7074040770530701,208.1267547607422,0.75,8.11176872253418,12.382701873779297,12.382701873779297,1.914143260865551,260.41983835327085,-0.13026454080745653,False,False,False,False,False,10
162,810,0.709561824798584,6.1983962059021,0.7075901627540588,210.31671142578125,0.75,7.743396759033203,17.0205020904541,17.0205020904541,1.9628266252386486,262.3826649785094,0.42341451399148244,False,False,False,False,False,10
163,815,0.709967851638794,5.335142612457275,0.707851231098175,212.72593688964844,0.75,8.353080749511719,18.71212387084961,18.71212387084961,1.9911902448214647,264.37385522333085,0.6171482491391824,False,False,False,False,False,10
164,820,0.7103016972541809,4.8285136222839355,0.7081677317619324,214.62718200683594,0.75,8.674254417419434,14.753805160522461,14.753805160522461,1.9374573508716146,266.3113125742025,0.15753864820136232,False,False,False,False,False,10
165,825,0.7108398675918579,4.437140941619873,0.7084859013557434,216.19558715820312,0.75,7.462641716003418,12.159111022949219,12.159111022949219,1.910714466487537,268.22202704068997,-0.15123270286794255,False,False,False,False,False,10
166,830,0.7116737961769104,3.8990557193756104,0.7087928056716919,217.73521423339844,0.75,5.467502117156982,11.92452621459961,11.92452621459961,1.9052584988074097,270.1272855394974,-0.1751080119947075,False,False,False,False,False,10
167,835,0.7125596404075623,3.0258092880249023,0.7091717720031738,219.68557739257812,0.75,4.611293315887451,15.090251922607422,15.090251922607422,1.9328239284032613,272.0601094679007,0.2108142386043852,False,False,False,False,False,10
168,840,0.7132568359375,3.117328405380249,0.7097026109695435,220.21392822265625,0.75,5.183209419250488,4.084979629516601,20.424898147583008,1.905035942126024,273.9651454100267,-1.1861736544363903,False,False,False,False,True,11
169,845,0.7136076092720032,3.6983044147491455,0.7102965116500854,220.21392822265625,0.75,6.971711158752441,0.0,17.26416015625,1.8800828748469132,275.8452282848735,-1.6920745873622218,False,False,False,False,True,11
170,850,0.7137492299079895,3.364917516708374,0.7109137177467346,221.83102416992188,0.75,8.446697235107422,12.447340393066407,15.559175491333008,1.933456858518818,277.77868514339224,-0.12301579602621682,False,False,False,False,False,11
171,855,0.7138440608978271,2.485429048538208,0.7116235494613647,224.40475463867188,0.75,9.220993041992188,19.774852752685547,19.774852752685547,2.0135747471598013,279.79225989055215,0.7615079131864309,False,False,False,False,False,11
172,860,0.7139560580253601,1.6788629293441772,0.7124155759811401,226.9215087890625,0.75,9.613961219787598,19.292755126953125,19.292755126953125,2.006092648474594,281.7983525390267,0.7112654114296075,False,False,False,False,False,11
173,865,0.7143210768699646,1.424024224281311,0.7131025195121765,228.42965698242188,0.75,8.476044654846191,11.534109115600586,11.534109115600586,1.9092982614598992,283.70765080048676,-0.21021601220236974,False,False,False,False,False,11
174,870,0.714950442314148,0.6607984900474548,0.7139230966567993,230.52993774414062,0.75,6.8696136474609375,16.028322219848633,16.028322219848633,1.9473921748355587,285.6550429753222,0.3476223497315041,False,False,False,False,False,11
175,875,0.7156710028648376,0.8733954429626465,0.7146667838096619,230.98190307617188,0.75,5.991536617279053,3.4403736114501955,17.201868057250977,1.8949212631201442,287.5499642384424,-1.2534614257841614,False,False,False,True,False,11
176,880,0.7161288857460022,0.7484064698219299,0.7153990864753723,232.12628173828125,0.75,7.190857887268066,8.690725708007813,14.484542846679688,1.9104789933541206,289.4604432317966,-0.5750475372955952,False,False,False,True,False,11
177,885,0.7165180444717407,0.8077774047851562,0.7159854173660278,233.03712463378906,0.75,7.615393161773682,6.90294189453125,17.257354736328125,1.9153387926976952,291.37578202449424,-0.8129543156020411,False,False,False,True,False,11
178,890,0.7166826128959656,0.6929865479469299,0.7164251804351807,234.41943359375,0.75,9.080917358398438,10.458407592773437,17.430679321289062,1.938342786271227,293.3141248107654,-0.36219986528712944,False,False,False,True,False,11
179,895,0.7168734669685364,0.8136974573135376,0.7166684865951538,235.45872497558594,0.75,9.30243968963623,7.853908538818359,13.089847564697266,1.9091438919989818,295.2232687027643,-0.678944834499696,False,False,False,True,False,11
180,900,0.717224657535553,0.8555556535720825,0.716934859752655,236.52914428710938,0.75,8.586169242858887,8.083870697021485,13.47311782836914,1.9085597780016,297.131828480766,-0.6472813324161621,False,False,False,True,False,11
181,905,0.7175247073173523,0.7146429419517517,0.7172619700431824,237.93609619140625,0.75,8.924784660339355,10.615737533569336,17.692895889282227,1.940160605233114,299.07198908599906,-0.3391919967439445,False,False,False,True,False,11
182,910,0.7176163792610168,0.953842282295227,0.7174785137176514,238.9254150390625,0.75,10.328123092651367,7.457730865478515,18.64432716369629,1.934039197726175,301.0060282837253,-0.7513199810032769,False,False,False,True,False,11
183,915,0.7176796793937683,0.9753451347351074,0.7175998687744141,240.33541870117188,0.75,10.881781578063965,10.623747253417969,13.279684066772461,1.9250524673454763,302.93108075107074,-0.6311301502138047,False,False,False,False,True,12
184,920,0.7178138494491577,1.8730896711349487,0.7176753282546997,240.33541870117188,0.75,10.772933959960938,0.0,17.23337745666504,1.8937539715009009,304.8248347225716,-1.7043785743508109,False,False,False,False,True,12
185,925,0.7177197933197021,2.600437879562378,0.7177019715309143,240.82814025878906,0.75,12.438572883605957,3.710394287109375,18.551971435546875,1.9248095884030447,306.7496443109746,-1.6929107208104446,False,False,False,False,False,12
186,930,0.7174261212348938,2.396556854248047,0.7176295518875122,243.04652404785156,0.75,14.259654998779297,16.706226348876953,16.706226348876953,1.994958035178755,308.7446023461532,-1.6179914996726468,False,False,False,False,False,12
187,935,0.7173523306846619,2.3563952445983887,0.7175297737121582,244.90423583984375,0.75,13.512173652648926,13.99411392211914,13.99411392211914,1.9569488194777986,310.7015511656311,-1.6126368941615514,False,False,False,False,False,12
188,940,0.7174177169799805,2.2124874591827393,0.7174773216247559,246.83241271972656,0.75,12.801770210266113,14.528663635253906,14.528663635253906,1.9567630867851815,312.65831425241623,-1.6068329584718402,False,False,False,False,False,12
189,945,0.7177963256835938,2.147116184234619,0.7175428867340088,248.3500518798828,0.75,10.651348114013672,11.435802459716797,11.435802459716797,1.9176522173687713,314.5759664697851,-1.604474981132177,False,False,False,False,False,12
190,950,0.7182005643844604,1.599521279335022,0.7177451252937317,250.54371643066406,0.75,9.952446937561035,16.52358627319336,16.52358627319336,1.9637716295076457,316.5397380992928,-1.591902115715763,False,False,False,False,False,12
191,955,0.7187367677688599,1.2480813264846802,0.7180915474891663,252.24705505371094,0.75,8.602869033813477,12.820148468017578,12.820148468017578,1.9191051272334088,318.4588432265263,-1.5909270124620758,False,False,False,False,False,12
192,960,0.719224214553833,0.9259405136108398,0.7185922861099243,253.86729431152344,1.0399999618530273,8.313398361206055,12.179088592529297,12.179088592529297,1.913244391102566,320.3720876176288,-1.5923013666615915,False,False,False,False,False,12
193,965,0.7197055220603943,0.7675268054008484,0.7191506624221802,255.17359924316406,1.0399999618530273,7.9021315574646,9.80309600830078,16.33849334716797,2.6697732130307616,323.04186083065946,-2.298291423526944,False,False,False,True,False,12
194,970,0.7198420763015747,0.9380781650543213,0.7195680141448975,256.1960144042969,1.0399999618530273,9.706859588623047,7.660243225097656,19.15060806274414,2.6829102659859796,325.7247710966454,-2.3328252081196927,False,False,False,True,False,12
195,975,0.7196893692016602,0.9510151743888855,0.719684898853302,257.73944091796875,1.0399999618530273,11.708747863769531,11.55350341796875,14.441879272460938,2.6881859378336985,328.4129570344791,-2.295892414797154,False,False,False,True,False,12
196,980,0.7194623351097107,0.9486777782440186,0.7195655107498169,259.4453125,1.0399999618530273,12.740403175354004,12.768452453613282,15.960565567016602,2.716980838301255,331.1299378727803,-2.30881396833571,False,False,False,True,False,12
197,985,0.7192763686180115,1.4700862169265747,0.7194091081619263,260.3511962890625,1.0399999618530273,13.039670944213867,6.782769012451172,16.95692253112793,2.6904680445381453,333.8204059173185,-2.3489504712585068,False,False,False,False,True,13
198,990,0.7190364003181458,2.621087074279785,0.71928471326828,260.3511962890625,1.0399999618530273,13.812009811401367,0.0,16.361896514892578,2.6548067399055206,336.4752126572239,-2.3893260659149687,False,False,False,False,True,13
199,995,0.7186782360076904,2.981984853744507,0.7191147208213806,261.77996826171875,1.0399999618530273,15.040410995483398,10.709636306762695,17.849393844604492,2.748361829977228,339.2235744872012,-2.359224330427268,False,False,False,False,False,13
200,1000,0.7183990478515625,3.1279780864715576,0.7189007997512817,263.55279541015625,1.0399999618530273,15.047199249267578,13.295280456542969,13.295280456542969,2.7243080309446626,341.94788251814583,-2.3100504682697385,False,False,False,False,False,13
201,1005,0.7182683944702148,2.706117868423462,0.7186943888664246,266.13702392578125,1.0399999618530273,14.330570220947266,19.392894744873047,19.392894744873047,2.8270693584803084,344.77495187662623,-2.337625448135948,False,False,False,False,False,13
202,1010,0.7183920741081238,2.783336877822876,0.7185825109481812,267.68902587890625,1.0399999618530273,12.579854011535645,11.65322494506836,11.65322494506836,2.6773949998771873,347.4523468765035,-2.2854944964671455,False,False,False,False,False,13
203,1015,0.7185331583023071,2.3779354095458984,0.7185508608818054,269.93890380859375,1.0399999618530273,12.032254219055176,16.897071838378906,16.897071838378906,2.7459401282378035,350.1982870047412,-2.2913568456411597,False,False,False,False,False,13
204,1020,0.7187851071357727,1.8869788646697998,0.7186077237129211,272.17413330078125,1.0399999618530273,10.895736694335938,16.787216186523438,16.787216186523438,2.7344862452603724,352.93277325000145,-2.2822180517345743,False,False,False,False,False,13
205,1025,0.71893310546875,1.6397719383239746,0.7187274694442749,274.04364013671875,1.0399999618530273,11.070125579833984,14.03660774230957,14.03660774230957,2.6911084376743095,355.6238816876758,-2.272437393764892,False,False,False,False,False,13
206,1030,0.719202995300293,1.08906888961792,0.7189260125160217,276.25469970703125,1.0399999618530273,9.98531723022461,16.593753814697266,16.593753814697266,2.7246130268047013,358.34849471448064,-2.27526674831652,False,False,False,False,False,13
207,1035,0.7194492220878601,0.6964954137802124,0.7192403674125671,278.1779479980469,1.0399999618530273,9.712215423583984,14.423097229003906,18.028871536254883,2.7256649561923423,361.07415967067294,-2.2992393250442165,False,False,False,True,False,13
208,1040,0.7196014523506165,0.9385859966278076,0.7194511294364929,279.12310791015625,1.0399999618530273,9.986613273620605,7.081526184082032,11.802543640136719,2.643149125159047,363.71730879583197,-2.3032218340412287,False,False,False,True,False,13
209,1045,0.7197605967521667,1.0685259103775024,0.7196179032325745,280.2225341796875,1.0399999618530273,9.792821884155273,8.233543395996094,13.722572326660156,2.6547918597635274,366.37210065559543,-2.301357660596517,False,False,False,False,True,14
210,1050,0.7198464870452881,1.911994457244873,0.7197036743164062,280.2225341796875,1.0399999618530273,10.121623039245605,0.0,14.501220703125,2.6215681954956387,368.9936688510912,-2.359411375946075,False,False,False,False,True,14
211,1055,0.7197139263153076,2.399495840072632,0.719723105430603,280.97906494140625,1.0399999618530273,11.511439323425293,5.6614227294921875,14.153556823730469,2.657519046790513,371.65118789788164,-2.331244484439076,False,False,False,False,False,14
212,1060,0.7193170785903931,1.9461666345596313,0.7196017503738403,283.5157775878906,1.0399999618530273,13.545289993286133,18.985240936279297,18.985240936279297,2.8073066414751695,374.45849453935676,-2.3236389027410547,False,False,False,False,False,14
213,1065,0.7188199162483215,1.9066671133041382,0.7192915678024292,285.5686340332031,1.0399999618530273,14.899518013000488,15.373512268066406,15.373512268066406,2.751425242565772,377.20991978192257,-2.3120542478686605,False,False,False,False,False,14
214,1070,0.7184413075447083,1.904740810394287,0.7189279794692993,287.55303955078125,1.0399999618530273,14.853497505187988,14.87661361694336,14.87661361694336,2.7430339736291467,379.95295375555185,-2.30997794450159,False,False,False,False,False,14
215,1075,0.718341588973999,1.7631769180297852,0.7186633348464966,289.5649108886719,1.0399999618530273,13.399091720581055,15.097858428955078,15.097858428955078,2.728297991725468,382.68125174727726,-2.2945195850805797,False,False,False,False,False,14
216,1080,0.7184444069862366,1.7405657768249512,0.7185502648353577,291.1919250488281,1.0399999618530273,11.946393966674805,12.217727661132812,12.217727661132812,2.676936472745793,385.35818822002295,-2.2790809096264946,False,False,False,False,False,14
217,1085,0.7187086343765259,1.5453214645385742,0.7185829877853394,292.9009704589844,1.0399999618530273,10.492944717407227,12.83587646484375,12.83587646484375,2.6721225635351513,388.030310783558,-2.268186287083532,False,False,False,False,False,14
218,1090,0.7190770506858826,1.1361002922058105,0.7187639474868774,294.7893371582031,1.0399999618530273,9.268158912658691,14.178812026977539,14.178812026977539,2.6813810081504554,390.71169179170835,-2.2621728705517747,False,False,False,False,False,14
219,1095,0.7194527983665466,0.8798014521598816,0.7190812230110168,296.34942626953125,1.0399999618530273,8.629537582397461,11.705123901367188,11.705123901367188,2.6498361449810623,393.3615279366894,-2.260046423442707,False,False,False,False,False,14
220,1100,0.7196953296661377,0.9057466983795166,0.7194175124168396,297.5052795410156,1.0399999618530273,8.975164413452148,8.663821792602539,14.439702987670898,2.6561176461938576,396.0176455828833,-2.2980366865021638,False,False,False,True,False,14
221,1105,0.7196270227432251,0.9308662414550781,0.7195744514465332,298.8946838378906,1.0399999618530273,10.706252098083496,10.404817199707031,17.34136199951172,2.6966799185562915,398.7143255014396,-2.315861431840227,False,False,False,True,False,14
222,1110,0.7193981409072876,1.2189950942993164,0.7195048332214355,300.03228759765625,1.0399999618530273,11.974907875061035,8.517361450195313,10.64670181274414,2.6576725196237865,401.3719980210634,-2.300896215094425,False,False,False,False,True,15
223,1115,0.7191851139068604,2.2455198764801025,0.7193951606750488,300.03228759765625,1.0399999618530273,12.318297386169434,0.0,16.65006446838379,2.6388790270897133,404.01087704815313,-2.3749911243807422,False,False,False,False,True,15
224,1120,0.7188248634338379,3.1812996864318848,0.7192472815513611,300.3536071777344,1.0399999618530273,13.637185096740723,2.407828140258789,12.039140701293945,2.6606881106463542,406.67156515879947,-2.3689140715218544,False,False,False,False,False,15
225,1125,0.7184486985206604,3.213198184967041,0.7190337777137756,302.20806884765625,1.0399999618530273,14.284355163574219,13.901573181152344,13.901573181152344,2.7217172170717974,409.39328237587114,-2.3011886620470063,False,False,False,False,False,15
226,1130,0.718181848526001,2.8813180923461914,0.7187813520431519,304.610107421875,1.0399999618530273,14.036748886108398,18.019309997558594,18.019309997558594,2.7905758570973447,412.18385823296836,-2.3193545783988583,False,False,False,False,False,15
227,1135,0.7180842161178589,2.9208292961120605,0.7185677289962769,306.29583740234375,1.0399999618530273,13.129413604736328,12.655279159545898,12.655279159545898,2.6931669263228746,414.87702515929124,-2.2889918675745826,False,False,False,False,False,15
228,1140,0.7181289196014404,2.5333213806152344,0.7184221148490906,308.52593994140625,1.159999966621399,12.101516723632812,16.751611709594727,16.751611709594727,2.7437604986659023,417.62078565795713,-2.2909774180990072,False,False,False,False,False,15
229,1145,0.7182086110115051,1.908589243888855,0.7183331847190857,311.06524658203125,1.159999966621399,11.584929466247559,19.081714630126953,19.081714630126953,3.112300807195309,420.7330864651524,-2.597925037748883,False,False,False,False,False,15
230,1150,0.7181897759437561,1.6069138050079346,0.718271017074585,313.1347351074219,1.159999966621399,11.934656143188477,15.55476188659668,15.55476188659668,3.034896895597114,423.7679833607495,-2.5658484095025056,False,False,False,False,False,15
231,1155,0.7182097434997559,1.2299739122390747,0.7182362079620361,315.2759094238281,1.159999966621399,11.57298755645752,16.09626579284668,16.09626579284668,3.041739657206863,426.8097230179563,-2.5662711050733535,False,False,False,False,False,15
232,1160,0.7182418704032898,0.9386755228042603,0.7182350158691406,317.2486267089844,1.159999966621399,11.335128784179688,14.830709457397461,14.830709457397461,3.01652750232226,429.8262505202785,-2.557058515891752,False,False,False,False,False,15
233,1165,0.718315064907074,0.8537805676460266,0.71827632188797,318.8359680175781,1.159999966621399,10.914318084716797,11.93305778503418,11.93305778503418,2.973263534154839,432.79951405443336,-2.548949368705715,False,False,False,False,False,15
234,1170,0.7184121608734131,0.844416618347168,0.7183505296707153,320.2569580078125,1.159999966621399,10.568305015563965,10.680672454833985,17.80112075805664,3.0132301241293793,435.8127441785628,-2.5982270297121026,False,False,False,True,True,16
235,1175,0.7182691097259521,1.8372329473495483,0.7183358073234558,320.2569580078125,1.159999966621399,11.913796424865723,0.0,15.647838592529297,2.93923182484531,438.751976003408,-2.6453086423607792,False,False,False,False,True,16
236,1180,0.7178750038146973,2.98121976852417,0.7182162404060364,320.2569580078125,1.159999966621399,13.727840423583984,0.0,13.26241683959961,2.960019814853201,441.7119958182612,-2.664017833367881,False,False,False,False,False,16
237,1185,0.717356264591217,2.8075881004333496,0.7179652452468872,322.5416259765625,1.159999966621399,15.098162651062012,17.18174171447754,17.18174171447754,3.1085023154686415,444.8204981337297,-2.61487869117245,False,False,False,False,False,16
238,1190,0.7168402671813965,2.9100341796875,0.7176055312156677,324.470458984375,1.159999966621399,15.74841594696045,14.519063949584961,14.519063949584961,3.06824672924356,447.88874486297334,-2.607116833011425,False,False,False,False,False,16
239,1195,0.7165067791938782,3.0299155712127686,0.7172576189041138,326.280029296875,1.159999966621399,15.075315475463867,13.636737823486328,13.636737823486328,3.043806937675247,450.93255180064847,-2.594660041113255,False,False,False,False,False,16
240,1200,0.7164605259895325,2.771141767501831,0.7170012593269348,328.4554748535156,1.159999966621399,13.304642677307129,16.409927368164062,16.409927368164062,3.066722740810687,453.9992745414593,-2.586013544274129,False,False,False,False,False,16
241,1205,0.7165514826774597,2.2916083335876465,0.7168372869491577,330.8172607421875,1.159999966621399,12.073149681091309,17.827550888061523,17.827550888061523,3.0845415807033874,457.0838161221626,-2.5871446329478465,False,False,False,False,False,16
242,1210,0.716666042804718,2.0652217864990234,0.7167609930038452,332.6933288574219,1.159999966621399,11.450037002563477,14.166675567626953,14.166675567626953,3.0069419652211256,460.0907580873836,-2.556164301584886,False,False,False,False,False,16
243,1215,0.7168588042259216,1.9134999513626099,0.7167743444442749,334.32794189453125,1.159999966621399,10.524603843688965,12.345266342163086,12.345266342163086,2.974769004670177,463.0655270920538,-2.546521353137394,False,False,False,False,False,16
244,1220,0.717171311378479,1.5134414434432983,0.7168897390365601,336.1961669921875,1.159999966621399,9.306370735168457,14.107072830200195,14.107072830200195,2.989908617833457,466.0554357098873,-2.5414609798759917,False,False,False,False,False,16
245,1225,0.7174170613288879,0.9575607776641846,0.7171224355697632,338.2977600097656,1.159999966621399,9.190908432006836,15.86147689819336,15.86147689819336,3.019229648713418,469.07466535860084,-2.549178671870041,False,False,False,False,False,16
246,1230,0.7175644636154175,0.8285256028175354,0.7173727750778198,339.7569580078125,1.159999966621399,9.455944061279297,11.004365921020508,11.004365921020508,2.9534159209436996,472.02808127954444,-2.5413386993416727,False,False,False,False,False,16
247,1235,0.7176589369773865,1.4077832698822021,0.7175148725509644,340.1126708984375,1.159999966621399,9.632469177246094,2.681377410888672,13.40688705444336,2.9329595702933284,474.96104084983784,-2.611206474092063,False,False,False,False,True,17
248,1240,0.7175540924072266,2.309983015060425,0.7175450325012207,340.1126708984375,1.159999966621399,10.826395988464355,0.0,13.857364654541016,2.9294401289937473,477.89048097883153,-2.6364961160943725,False,False,False,False,True,17
249,1245,0.7172242403030396,2.4756195545196533,0.7174711227416992,341.50738525390625,1.159999966621399,12.496349334716797,10.508709716796876,13.135887145996094,2.9912659808108795,480.88174695964244,-2.5805613035744033,False,False,False,False,False,17
250,1250,0.7168909311294556,2.5675880908966064,0.7173025012016296,343.0965576171875,1.159999966621399,13.081442832946777,11.977819442749023,11.977819442749023,2.99552152175601,483.8772684813985,-2.5688360638076366,False,False,False,False,False,17
251,1255,0.7167158722877502,2.4593350887298584,0.7171165943145752,344.9333801269531,1.159999966621399,12.553132057189941,13.852169036865234,13.852169036865234,3.0133111766521017,486.8905796580505,-2.5650343136955183,False,False,False,False,False,17
252,1260,0.716623067855835,1.985110878944397,0.7169367671012878,347.3049011230469,0.75,12.204094886779785,17.894784927368164,17.894784927368164,3.0875166090535373,489.9780962671041,-2.589042463679022,False,False,False,False,False,17
253,1265,0.7166067957878113,1.8339380025863647,0.7168008089065552,349.1017761230469,0.75,11.751514434814453,13.565589904785156,13.565589904785156,1.9402826071430548,491.91837887424714,-1.6025044311838286,False,False,False,False,False,17
254,1270,0.7167096734046936,1.7816187143325806,0.7167495489120483,350.6302490234375,0.75,10.915048599243164,11.542879104614258,11.542879104614258,1.919727499001813,493.8381063732489,-1.6054781561045952,False,False,False,False,False,17
255,1275,0.7168822884559631,1.2309256792068481,0.7167880535125732,352.8617858886719,0.75,10.245203971862793,16.8535213470459,16.8535213470459,1.969636247534238,495.80774262078324,-1.59414836071166,False,False,False,False,False,17
256,1280,0.7170067429542542,1.0143150091171265,0.716891884803772,354.56610107421875,0.75,10.269428253173828,12.868755340576172,12.868755340576172,1.9261946511276578,497.7339372719108,-1.5972310942499925,False,False,False,False,False,17
257,1285,0.7170419692993164,0.8820204734802246,0.716982901096344,356.1898498535156,0.75,10.668925285339355,12.256460189819336,12.256460189819336,1.9234102149226646,499.6573474868335,-1.6011701244320415,False,False,False,False,False,17
258,1290,0.7170835733413696,0.859370231628418,0.7170426845550537,357.6328125,0.75,10.617575645446777,10.889378356933594,13.611722946166992,1.9260412766330466,501.5833887634665,-1.6179996128555645,False,False,False,True,False,17
259,1295,0.7171458601951599,0.9485113620758057,0.7170973420143127,358.8785400390625,0.75,10.469037055969238,9.399343490600586,9.399343490600586,1.9058294521803207,503.4892182156469,-1.6155874727626944,False,False,False,False,False,17
260,1300,0.7172028422355652,1.1076923608779907,0.7171549201011658,360.01202392578125,0.75,10.461286544799805,8.551114654541015,14.25185775756836,1.920656563755492,505.40987477940234,-1.6379128178181679,False,False,False,False,True,18
261,1305,0.7172114253044128,2.0031869411468506,0.7171782851219177,360.01202392578125,0.75,10.745935440063477,0.0,10.477180480957031,1.8936133241340112,507.3034881035363,-1.70425199172061,False,False,False,False,True,18
262,1310,0.7170550227165222,2.495297431945801,0.7171546816825867,360.7999572753906,0.75,11.848648071289062,5.943321990966797,14.858304977416992,1.9214692750702869,509.2249573786067,-1.666286774738966,False,False,False,False,False,18
263,1315,0.7167394757270813,2.341411828994751,0.7170367240905762,362.78985595703125,0.75,13.165230751037598,15.011859893798828,15.011859893798828,1.964707038984275,511.18966441759096,-1.6090441166999097,False,False,False,False,False,18
264,1320,0.7163891792297363,2.470200538635254,0.7168284058570862,364.4256591796875,0.75,13.89188003540039,12.346414566040039,12.346414566040039,1.9460776397041493,513.135742057295,-1.6206069477126417,False,False,False,False,False,18
265,1325,0.7162482738494873,2.4480719566345215,0.7166325449943542,366.1822814941406,0.75,13.001450538635254,13.26699447631836,13.26699447631836,1.9462613833351896,515.0820034406305,-1.6111059736104103,False,False,False,False,False,18
266,1330,0.7162815928459167,2.267184257507324,0.7165033221244812,368.04974365234375,0.75,11.941183090209961,14.111833572387695,14.111833572387695,1.9466277639054883,517.0286312045359,-1.602566360151232,False,False,False,False,False,18
267,1335,0.7163603901863098,2.001878499984741,0.7164400815963745,369.9859313964844,0.75,11.451844215393066,14.635515213012695,14.635515213012695,1.9489383103277174,518.9775695148634,-1.599150903749416,False,False,False,False,False,18
268,1340,0.7164685726165771,1.8416213989257812,0.716437578201294,371.70001220703125,0.75,11.035343170166016,12.958427429199219,12.958427429199219,1.930843030366069,520.9084125452292,-1.6006308598410142,False,False,False,False,False,18
269,1345,0.7166225910186768,1.65571129322052,0.716493546962738,373.3853759765625,0.75,10.50948715209961,12.740407943725586,12.740407943725586,1.9263254383109678,522.8347379835403,-1.598863495233002,False,False,False,False,False,18
270,1350,0.7168439030647278,1.4824023246765137,0.7166125774383545,374.96014404296875,0.75,9.82162857055664,11.901336669921875,11.901336669921875,1.9168564993832995,524.7515944829237,-1.5991899161696057,False,False,False,False,False,18
271,1355,0.7171332240104675,1.3117811679840088,0.7168008089065552,376.43389892578125,0.75,9.085418701171875,11.132871627807617,11.132871627807617,1.9088775156414564,526.6604719985653,-1.6000902269468498,False,False,False,False,False,18
272,1360,0.7174416184425354,1.0153465270996094,0.7170705795288086,378.0474548339844,0.75,8.62360668182373,12.180822372436523,12.180822372436523,1.914258261258717,528.5747302598238,-1.5937473003258715,False,False,False,False,False,18
273,1365,0.7176464200019836,0.744249165058136,0.7174039483070374,379.66693115234375,0.75,8.961394309997559,12.21456298828125,15.268203735351562,1.9324911594850085,530.5072214193087,-1.6096833280784741,False,False,False,True,False,18
274,1370,0.7177550196647644,1.1694642305374146,0.7175897359848022,380.2436828613281,0.75,9.448607444763184,4.346027374267578,10.865068435668945,1.8960667103047335,532.4032881296135,-1.6603220915433292,False,False,False,True,True,19
275,1375,0.7177122831344604,2.0393178462982178,0.7176475524902344,380.2436828613281,0.75,10.438244819641113,0.0,16.227813720703125,1.8920597905530436,534.2953479201667,-1.7028538114977394,False,False,False,False,True,19
276,1380,0.7174926996231079,2.4386487007141113,0.7176201343536377,381.17626953125,0.46000000834465027,11.81617259979248,7.024202728271485,17.56050682067871,1.9352691271489875,536.2306170473158,-1.6671345332652843,False,False,False,False,False,19
277,1385,0.7171529531478882,2.3995249271392822,0.7174868583679199,382.9752502441406,0.46000000834465027,13.082819938659668,13.552305221557617,13.552305221557617,1.1956371459349642,537.4262541932507,-0.9321547368377405,False,False,False,False,False,19
278,1390,0.7168874144554138,2.259685754776001,0.7172858119010925,384.9520568847656,0.46000000834465027,13.221549987792969,14.899620056152344,14.899620056152344,1.2045333373846703,538.6307875306352,-0.9259340538893448,False,False,False,False,False,19
279,1395,0.7167667150497437,2.100270986557007,0.7170935869216919,386.88824462890625,0.46000000834465027,12.689338684082031,14.602315902709961,14.602315902709961,1.2001154275814092,539.8309029582168,-0.9252106512421486,False,False,False,False,False,19
280,1400,0.7168745398521423,2.2275876998901367,0.7170004844665527,388.1868896484375,0.46000000834465027,11.326815605163574,9.799016952514648,9.799016952514648,1.172833332992789,541.0037362912095,-0.9516583559384821,False,False,False,False,False,19
281,1405,0.7171432971954346,1.7838983535766602,0.7170207500457764,390.225341796875,0.46000000834465027,10.059410095214844,15.38368034362793,15.38368034362793,1.195983883545348,542.1997201747547,-0.9133086213280848,False,False,False,False,False,19
282,1410,0.7174211740493774,1.2801547050476074,0.717158854007721,392.29730224609375,0.46000000834465027,9.588343620300293,15.633268356323242,15.633268356323242,1.1965403064201967,543.3962604811751,-0.9111296099101881,False,False,False,False,False,19
283,1415,0.7176991105079651,1.0826623439788818,0.7173898220062256,393.8363342285156,0.46000000834465027,9.235801696777344,11.605709075927734,11.605709075927734,1.1729710570756593,544.5692315382507,-0.9325523671025251,False,False,False,False,False,19
284,1420,0.7179743051528931,0.8356921672821045,0.7176934480667114,395.418701171875,0.46000000834465027,8.959858894348145,11.923501586914062,14.904376983642578,1.1832588233540005,545.7524903616048,-0.9383427583165069,False,False,False,True,False,19
285,1425,0.7181774377822876,0.9024003744125366,0.7179626226425171,396.5303955078125,0.46000000834465027,9.169594764709473,8.369096374511718,13.948493957519531,1.173471034235949,546.9259613958408,-0.9671894369049996,False,False,False,True,False,19
286,1430,0.7182547450065613,0.7916101813316345,0.7181405425071716,398.0173034667969,0.46000000834465027,9.855841636657715,11.185324096679688,13.98165512084961,1.1808011472862232,548.106762543127,-0.9437670763645148,False,False,False,True,False,19
287,1435,0.7182862758636475,0.8954047560691833,0.71822589635849,399.21295166015625,0.46000000834465027,10.235687255859375,8.990151977539062,11.237689971923828,1.171285422693633,549.2780479658209,-0.9585046886690942,False,False,False,True,False,19
288,1440,0.718299388885498,1.0667411088943481,0.7182701826095581,400.3359680175781,0.46000000834465027,10.498678207397461,8.442641830444336,14.071069717407227,1.1774596068083032,550.4555075726291,2500.0,False,False,False,True,True,20
